Workbook

Sheet Udhëzues
A1: PagaPRO — Plan 90-ditor për Instagram
A2: 90 postime organike (1/ditë) + 12 kreativë reklamash · Të gjitha 4:5 · 1080×1350 px
A4: Si përdoret ky skedar
A5: 1. Fleta «Kalendari 90 ditësh» — një rresht për çdo ditë. Filtroje sipas shtyllës ose javës.
A6: 2. Kopjo kolonën «Prompt për Claude Design» dhe ngjite direkt në Claude Design. Prompti është i plotë dhe i pavarur.
A7: 3. Kopjo kolonën «Caption i plotë» → ngjite në Instagram. Përfshin tekstin, CTA-në dhe hashtaget.
A8: 4. Shëno «Statusi» dhe metrikat pasi ta postosh. Fleta «Progresi» i numëron vetë.
A10: Rregullat e ritmit
A11: • Posto në të njëjtën orë çdo ditë. Rekomandim për Kosovë: 09:00–10:00 ose 19:00–21:00.
A12: • Përgjigju çdo komenti brenda 60 minutave të para — kjo është sinjali më i fortë organik.
A13: • Ridërgo çdo postim si Story në ditën e postimit, me sticker pyetjeje ose votimi.
A14: • Ruaj 15 minuta në ditë për komentim në postimet e faqeve të biznesit/kontabilitetit në Kosovë.
... A39: Postimet me temë ligjore janë informacion i përgjithshëm, jo këshillë juridike. Mbaje shënimin «Informacion i përgjithshëm — jo këshillë ligjore» në kreativët përkatës dhe verifikoji vlerat me juristin/kontabilistin tuaj para publikimit.

Sheet Kalendari 90 ditësh
A1: Dita | B1: Data | C1: Dita e javës | D1: Java | E1: Muaji / Tema | F1: Shtylla | G1: Formati | H1: HOOK (titulli i postimit) | I1: TEKSTI EKZAKT NË FOTO (siç e rendon prompti) | J1: CAPTION I PLOTË (kopjo → Instagram) | K1: CTA | L1: Hashtags | M1: PROMPT PËR CLAUDE DESIGN (kopjo → Claude Design) | N1: Statusi | O1: Data e postuar | P1: Reach | Q1: Ruajtje | R1: Komente
A2: 1 | B2: 24 gusht 2026 | C2: E hënë | D2: 1 | E2: MUAJI 1 — NDËRGJEGJËSIM: 'Pagat po të hanë kohën' | F2: Dhimbja | G2: Statement | H2: 3 ditë në muaj. Aq të hanë pagat në Excel. | I2: Kicker: 'KOSTOJA E FSHEHUR' | Headline: '3 ditë në muaj.' | Sub: 'Aq kohë të hanë pagat në Excel — çdo muaj, pa u ndalur.' | J2: 3 ditë në muaj. Aq të hanë pagat në Excel. Një firmë me 25 punonjës e mbyll listën e pagave për 2–3 ditë pune: orët, jashtëorari, pushimet, sëmundjet, kontributet, fletëpagesat, eksporti për ATK. Këto ditë nuk janë të lira. Janë ditë të pronarit ose të financës — njerëzit më të shtrenjtë në firmë. 36 ditë pune në vit. Për diçka që sistemi e bën për 20 minuta. Sa ditë të hanë ty pagat çdo muaj? Shkruaje në koment 👇 (ose na shkruaj në DM për një demo 15-minutëshe) #paga #pagat #listapagave #kontabilitet #financa #bizneskosove #kosove #prishtine #atk #pagapro #softuerbiznesi #hrkosove | K2: Sa ditë të hanë ty pagat çdo muaj? Shkruaje në koment 👇 (ose na shkruaj në DM për një demo 15-minutëshe) | L2: #paga #pagat #listapagave #kontabilitet #financa #bizneskosove #kosove #prishtine #atk #pagapro #softuerbiznesi #hrkosove | M2: Instagram feed post, 4:5 vertical, exactly 1080x1350 px. Brand: PagaPRO — payroll & HR software for Kosovo businesses. Palette (use ONLY these): navy #0B1220, professional blue #2563EB, canvas #F4F7FB, text #111827, muted grey #6B7280, light-on-dark #E8EDF5. Typeface: Inter, tight negative letter-spacing, weights 400/600/800; numbers in tabular-nums. Style: corporate-operational, flat, high contrast, generous white space, 6px corner radius, 1px hairline dividers. STRICTLY NO gradients, no neon, no glow, no 3D, no drop-shadow blobs, no playful/friendly illustrations, no stock-photo people, no emoji. Keep 90px safe margins on all sides so nothing is cropped in feed. LAYOUT — BIG STATEMENT: full-bleed #0B1220 background. Small uppercase kicker in #2563EB, 26px, letter-spaced, top-left. Headline below it, 92-110px extrabold #E8EDF5, left-aligned, max 4 lines. A 4px x 120px #2563EB rule under the headline. Sub-line in #6B7280-lightened (#9AA6B8), 34px, 2 lines max. TEXT TO RENDER (Albanian, reproduce EXACTLY, keep the Albanian diacritics ë and ç): Kicker: 'KOSTOJA E FSHEHUR' | Headline: '3 ditë në muaj.' | Sub: 'Aq kohë të hanë pagat në Excel — çdo muaj, pa u ndalur.' FOOTER: small PagaPRO wordmark bottom-left — 'Paga' in #0B1220 (or #E8EDF5 on dark) and 'PRO' in #2563EB, extrabold, tight tracking; handle '@pagapro' in #6B7280 bottom-right, 24px. | N2: Për t'u bërë
A3: 2 | B3: 25 gusht 2026 | C3: E martë | D3: 1 | E3: MUAJI 1 — NDËRGJEGJËSIM: 'Pagat po të hanë kohën' | F3: Ligji | G3: Law card | H3: Neni 60: pushimi mjekësor paguhet 100%. Sa firma e dinë këtë? | I3: Header strip: 'LIGJI I PUNËS' + 'Neni 60 · Nr. 03/L-212' | Headline: 'Pushimi mjekësor paguhet 100% e pagës.' | Body: 'Jo 70%. Jo 80%. Njëqind. Çdo përqindje më e ulët është nënpagesë.' | Small italic: 'Informacion i përgjithshëm — jo këshillë ligjore.' | J3: Neni 60 i Ligjit të Punës është i qartë: pushimi i lëshuar mjekësor kompensohet me 100% të pagës. Në praktikë? Shumë firma ende e llogarisin me 70% ose 80% — sepse ashtu e kanë pasur formulën në Excel prej vitesh dhe askush nuk e ka rishikuar. Rezultati: nënpagesë e punonjësit, rrezik inspektimi dhe korrigjime prapaveprues. Në PagaPRO ky nen është i koduar si dysheme ligjore. Edhe nëse dikush e konfiguron gabim, sistemi nuk e lejon të paguajë më pak se 100%. Ruaje këtë postim për herën tjetër që mbyll pagat. 🔖 #ligjiipunes #tedrejtatepunes #kosove #hr #burimenjerezore #kontratapune #punonjes #punedhenes #atk #pagapro #bizneskosove #keshillajuridike | K3: Ruaje këtë postim për herën tjetër që mbyll pagat. 🔖 | L3: #ligjiipunes #tedrejtatepunes #kosove #hr #burimenjerezore #kontratapune #punonjes #punedhenes #atk #pagapro #bizneskosove #keshillajuridike | M3: Instagram feed post, 4:5 vertical, exactly 1080x1350 px. Brand: PagaPRO — payroll & HR software for Kosovo businesses. Palette (use ONLY these): navy #0B1220, professional blue #2563EB, canvas #F4F7FB, text #111827, muted grey #6B7280, light-on-dark #E8EDF5. Typeface: Inter, tight negative letter-spacing, weights 400/600/800; numbers in tabular-nums. Style: corporate-operational, flat, high contrast, generous white space, 6px corner radius, 1px hairline dividers. STRICTLY NO gradients, no neon, no glow, no 3D, no drop-shadow blobs, no playful/friendly illustrations, no stock-photo people, no emoji. Keep 90px safe margins on all sides so nothing is cropped in feed. LAYOUT — LAW CARD: #F4F7FB canvas. A white document-style card. Top strip #0B1220 with 'LIGJI I PUNËS' in #E8EDF5 uppercase 26px on the left and the article reference in #2563EB on the right. Body: headline #111827 60px bold, then the rule in #6B7280 32px. Bottom of the card, 22px #6B7280 italic: 'Informacion i përgjithshëm — jo këshillë ligjore.' TEXT TO RENDER (Albanian, reproduce EXACTLY, keep the Albanian diacritics ë and ç): Header strip: 'LIGJI I PUNËS' + 'Neni 60 · Nr. 03/L-212' | Headline: 'Pushimi mjekësor paguhet 100% e pagës.' | Body: 'Jo 70%. Jo 80%. Njëqind. Çdo përqindje më e ulët është nënpagesë.' | Small italic: 'Informacion i përgjithshëm — jo këshillë ligjore.' FOOTER: small PagaPRO wordmark bottom-left — 'Paga' in #0B1220 (or #E8EDF5 on dark) and 'PRO' in #2563EB, extrabold, tight tracking; handle '@pagapro' in #6B7280 bottom-right, 24px. | N3: Për t'u bërë
A4: 3 | B4: 26 gusht 2026 | C4: E mërkurë | D4: 1 | E4: MUAJI 1 — NDËRGJEGJËSIM: 'Pagat po të hanë kohën' | F4: Numrat | G4: Big number | H4: Një formulë e gabuar = 12 lista pagash gabim. | I4: Kicker line above: 'GABIMI QË SHUMËZOHET' | Big number: '1' | Label: 'formulë e gabuar' | Context line: '= 12 lista pagash gabim, 12 fletëpagesa gabim, 1 kontroll i vështirë.' | J4: Exceli nuk të thotë kurrë që ke gabuar. Një referencë e zhvendosur, një rresht i fshirë, një kopjim që merr qelizën e gabuar — dhe formula vazhdon të kthejë një numër. Një numër që duket krejt normal. Problemi zbulohet 6 muaj më vonë: nga punonjësi, nga kontabilisti, ose nga inspektimi. Sistemi i pagave nuk duhet të jetë një skedar që e beson me sy. Duhet të jetë një motor që e llogarit njësoj çdo herë dhe e dokumenton pse. E ke gjetur ndonjëherë një gabim pagash muaj më vonë? Na trego në koment. #paga #pagat #listapagave #kontabilitet #financa #bizneskosove #kosove #prishtine #atk #pagapro #softuerbiznesi #hrkosove | K4: E ke gjetur ndonjëherë një gabim pagash muaj më vonë? Na trego në koment. | L4: #paga #pagat #listapagave #kontabilitet #financa #bizneskosove #kosove #prishtine #atk #pagapro #softuerbiznesi #hrkosove | M4: Instagram feed post, 4:5 vertical, exactly 1080x1350 px. Brand: PagaPRO — payroll & HR software for Kosovo businesses. Palette (use ONLY these): navy #0B1220, professional blue #2563EB, canvas #F4F7FB, text #111827, muted grey #6B7280, light-on-dark #E8EDF5. Typeface: Inter, tight negative letter-spacing, weights 400/600/800; numbers in tabular-nums. Style: corporate-operational, flat, high contrast, generous white space, 6px corner radius, 1px hairline dividers. STRICTLY NO gradients, no neon, no glow, no 3D, no drop-shadow blobs, no playful/friendly illustrations, no stock-photo people, no emoji. Keep 90px safe margins on all sides so nothing is cropped in feed. LAYOUT — BIG NUMBER: #F4F7FB canvas. One enormous figure, 300-360px extrabold #2563EB, tabular-nums, centred in the upper two-thirds. Directly under it a label in #0B1220 48px bold, then a #6B7280 30px context line. Thin #E5E9F0 hairline above the label. TEXT TO RENDER (Albanian, reproduce EXACTLY, keep the Albanian diacritics ë and ç): Kicker line above: 'GABIMI QË SHUMËZOHET' | Big number: '1' | Label: 'formulë e gabuar' | Context line: '= 12 lista pagash gabim, 12 fletëpagesa gabim, 1 kontroll i vështirë.' FOOTER: small PagaPRO wordmark bottom-left — 'Paga' in #0B1220 (or #E8EDF5 on dark) and 'PRO' in #2563EB, extrabold, tight tracking; handle '@pagapro' in #6B7280 bottom-right, 24px. | N4: Për t'u bërë
A5: 4 | B5: 27 gusht 2026 | C5: E enjte | D5: 1 | E5: MUAJI 1 — NDËRGJEGJËSIM: 'Pagat po të hanë kohën' | F5: Produkti | G5: App UI mock | H5: Nga lista e punonjësve te fletëpagesat: 4 hapa. | I5: Headline: 'Pagat e muajit, në 4 hapa.' | App mock sidebar labels (Albanian): 'Hyrje', 'Punonjësit', 'Pagat', 'Pushimet', 'Dokumentet', 'Raportet' | Page title in mock: 'Pagat — Nëntor 2026' | Table column headers: 'Punonjësi', 'Orët', 'Bruto', 'Neto' | Primary blue button label: 'Gjenero pagat' | J5: Kështu duket mbyllja e muajit në PagaPRO: 1. Krijo listën e pagave për muajin — sistemi i merr vetë të gjithë punonjësit aktivë. 2. Shqyrto: orët, jashtëorari, pushimet dhe sëmundjet janë tashmë brenda. 3. Mirato. 4. Shkarko fletëpagesat dhe eksportin për ATK. Asnjë formulë e shkruar me dorë. Asnjë skedar i dërguar me email. Çdo shifër e ka arsyetimin e vet të ruajtur. Dëshiron ta shohësh live? Na shkruaj 'DEMO' në DM. #pagapro #softueri #digjitalizimibiznesit #automatizim #saas #teknologji #bizneskosove #paga #hr #dokumente #efikasitet #kursejkohe | K5: Dëshiron ta shohësh live? Na shkruaj 'DEMO' në DM. | L5: #pagapro #softueri #digjitalizimibiznesit #automatizim #saas #teknologji #bizneskosove #paga #hr #dokumente #efikasitet #kursejkohe | M5: Instagram feed post, 4:5 vertical, exactly 1080x1350 px. Brand: PagaPRO — payroll & HR software for Kosovo businesses. Palette (use ONLY these): navy #0B1220, professional blue #2563EB, canvas #F4F7FB, text #111827, muted grey #6B7280, light-on-dark #E8EDF5. Typeface: Inter, tight negative letter-spacing, weights 400/600/800; numbers in tabular-nums. Style: corporate-operational, flat, high contrast, generous white space, 6px corner radius, 1px hairline dividers. STRICTLY NO gradients, no neon, no glow, no 3D, no drop-shadow blobs, no playful/friendly illustrations, no stock-photo people, no emoji. Keep 90px safe margins on all sides so nothing is cropped in feed. LAYOUT — APP UI MOCK: #0B1220 background, headline in #E8EDF5 56px at top. Below, a realistic PagaPRO screen mock floating flat (no perspective, no 3D): dark slate left sidebar with 6 nav items, white content area, a #0B1220 page title, a data table, and one primary #2563EB button. Albanian UI labels. Crisp, believable enterprise software. TEXT TO RENDER (Albanian, reproduce EXACTLY, keep the Albanian diacritics ë and ç): Headline: 'Pagat e muajit, në 4 hapa.' | App mock sidebar labels (Albanian): 'Hyrje', 'Punonjësit', 'Pagat', 'Pushimet', 'Dokumentet', 'Raportet' | Page title in mock: 'Pagat — Nëntor 2026' | Table column headers: 'Punonjësi', 'Orët', 'Bruto', 'Neto' | Primary blue button label: 'Gjenero pagat' FOOTER: small PagaPRO wordmark bottom-left — 'Paga' in #0B1220 (or #E8EDF5 on dark) and 'PRO' in #2563EB, extrabold, tight tracking; handle '@pagapro' in #6B7280 bottom-right, 24px. | N5: Për t'u bërë
A6: 5 | B6: 28 gusht 2026 | C6: E premte | D6: 1 | E6: MUAJI 1 — NDËRGJEGJËSIM: 'Pagat po të hanë kohën' | F6: Mitet | G6: Myth vs truth | H6: «Firma ime është e vogël, Exceli mjafton.» | I6: TOP panel label 'MIT' with struck-through text: 'Firma ime është e vogël — Exceli mjafton.' | BOTTOM panel label 'E VËRTETA' with text: 'Sa më e vogël firma, aq më pak njerëz ke për ta kapur gabimin.' | J6: Miti më i shpeshtë që dëgjojmë: «Kemi vetëm 12 punonjës, s'na duhet sistem.» Por mendoje anasjelltas. Në një firmë të madhe ka një departament që e kap gabimin. Në një firmë me 12 veta, gabimin e kap punonjësi — dhe e kap në xhep. Një llogaritje e gabuar e jashtëorarit, një kontratë pa përshkrim detyrash, një pushim i pallogaritur: në firmë të vogël këto bëhen menjëherë çështje besimi. Sistemi nuk është luks i firmave të mëdha. Është mbrojtje e firmave të vogla. Sa punonjës keni? Shkruaj numrin në koment — të tregojmë sa kohë kursen. #biznes #bizneskosove #sipermarresi #ndermarrjeevogla #smekosove #prishtine #peje #gjakove #ferizaj #pagapro #digjitalizim #efikasitet | K6: Sa punonjës keni? Shkruaj numrin në koment — të tregojmë sa kohë kursen. | L6: #biznes #bizneskosove #sipermarresi #ndermarrjeevogla #smekosove #prishtine #peje #gjakove #ferizaj #pagapro #digjitalizim #efikasitet | M6: Instagram feed post, 4:5 vertical, exactly 1080x1350 px. Brand: PagaPRO — payroll & HR software for Kosovo businesses. Palette (use ONLY these): navy #0B1220, professional blue #2563EB, canvas #F4F7FB, text #111827, muted grey #6B7280, light-on-dark #E8EDF5. Typeface: Inter, tight negative letter-spacing, weights 400/600/800; numbers in tabular-nums. Style: corporate-operational, flat, high contrast, generous white space, 6px corner radius, 1px hairline dividers. STRICTLY NO gradients, no neon, no glow, no 3D, no drop-shadow blobs, no playful/friendly illustrations, no stock-photo people, no emoji. Keep 90px safe margins on all sides so nothing is cropped in feed. LAYOUT — MYTH VS TRUTH: two stacked panels, full width. TOP panel (40% height) #F4F7FB, label 'MIT' in #6B7280 uppercase 26px, myth text #6B7280 52px with a thin strikethrough line through it. BOTTOM panel (60%) #0B1220, label 'E VËRTETA' in #2563EB uppercase 26px, truth text #E8EDF5 60px bold. TEXT TO RENDER (Albanian, reproduce EXACTLY, keep the Albanian diacritics ë and ç): TOP panel label 'MIT' with struck-through text: 'Firma ime është e vogël — Exceli mjafton.' | BOTTOM panel label 'E VËRTETA' with text: 'Sa më e vogël firma, aq më pak njerëz ke për ta kapur gabimin.' FOOTER: small PagaPRO wordmark bottom-left — 'Paga' in #0B1220 (or #E8EDF5 on dark) and 'PRO' in #2563EB, extrabold, tight tracking; handle '@pagapro' in #6B7280 bottom-right, 24px. | N6: Për t'u bërë
A7: 6 | B7: 29 gusht 2026 | C7: E shtunë | D7: 1 | E7: MUAJI 1 — NDËRGJEGJËSIM: 'Pagat po të hanë kohën' | F7: Udhëzim | G7: Checklist | H7: 7 gjërat që duhet t'i kesh gati para se t'i mbyllësh pagat. | I7: Header strip headline: 'Para se t'i mbyllësh pagat' | 5 checklist rows: 'Orët e punës të konfirmuara', 'Jashtëorari dhe orët e natës', 'Pushimet e aprovuara', 'Pushimet mjekësore me raport', 'Punonjësit e rinj dhe largimet' | J7: Checklist-i i mbylljes së muajit 👇 1. Orët e punës të konfirmuara nga secili menaxher 2. Jashtëorari, orët e natës dhe të vikendit — të ndara 3. Pushimet e aprovuara (jo ato në WhatsApp) 4. Pushimet mjekësore me raport mjekësor bashkangjitur 5. Punonjësit e rinj me kontratë të nënshkruar 6. Largimet me datë të saktë ndërprerjeje 7. Ndryshimet e pagës me aneks kontrate Nëse ndonjëra prej tyre jeton në një bisedë Viberi dhe jo në sistem — aty do të lindë gabimi. Ruaje 🔖 dhe dërgoja kolegut që i mbyll pagat. #hr #burimenjerezore #menaxhimipersonelit #hrkosove #punonjesit #kulturaepunes #ekipi #bizneskosove #pagapro #menaxhim #lidership #startupkosove | K7: Ruaje 🔖 dhe dërgoja kolegut që i mbyll pagat. | L7: #hr #burimenjerezore #menaxhimipersonelit #hrkosove #punonjesit #kulturaepunes #ekipi #bizneskosove #pagapro #menaxhim #lidership #startupkosove | M7: Instagram feed post, 4:5 vertical, exactly 1080x1350 px. Brand: PagaPRO — payroll & HR software for Kosovo businesses. Palette (use ONLY these): navy #0B1220, professional blue #2563EB, canvas #F4F7FB, text #111827, muted grey #6B7280, light-on-dark #E8EDF5. Typeface: Inter, tight negative letter-spacing, weights 400/600/800; numbers in tabular-nums. Style: corporate-operational, flat, high contrast, generous white space, 6px corner radius, 1px hairline dividers. STRICTLY NO gradients, no neon, no glow, no 3D, no drop-shadow blobs, no playful/friendly illustrations, no stock-photo people, no emoji. Keep 90px safe margins on all sides so nothing is cropped in feed. LAYOUT — CHECKLIST CARD: #F4F7FB canvas. White card with a #0B1220 header strip containing the headline in #E8EDF5 (56px). Body: 5 rows, each a 28px #2563EB rounded-square checkmark on the left and one short line of #111827 34px text; hairline dividers between rows. TEXT TO RENDER (Albanian, reproduce EXACTLY, keep the Albanian diacritics ë and ç): Header strip headline: 'Para se t'i mbyllësh pagat' | 5 checklist rows: 'Orët e punës të konfirmuara', 'Jashtëorari dhe orët e natës', 'Pushimet e aprovuara', 'Pushimet mjekësore me raport', 'Punonjësit e rinj dhe largimet' FOOTER: small PagaPRO wordmark bottom-left — 'Paga' in #0B1220 (or #E8EDF5 on dark) and 'PRO' in #2563EB, extrabold, tight tracking; handle '@pagapro' in #6B7280 bottom-right, 24px. | N7: Për t'u bërë
A8: 7 | B8: 30 gusht 2026 | C8: E diel | D8: 1 | E8: MUAJI 1 — NDËRGJEGJËSIM: 'Pagat po të hanë kohën' | F8: Kultura | G8: Quote | H8: Punonjësi nuk pyet «sa marr». Pyet «pse kaq». | I8: Quote text: 'Punonjësi nuk pyet «sa marr». Pyet «pse kaq».' | Attribution line: 'PagaPRO — transparencë në çdo fletëpagesë' | J8: Kur një punonjës vjen te zyra e financës, rrallë vjen për shumën. Vjen sepse nuk e kupton se si u arrit ajo shumë. Dhe nëse përgjigjja jote është «kështu del në Excel», e ke humbur bisedën para se të fillojë. Një fletëpagesë e mirë e tregon rrugën: orët e rregullta, jashtëorari me koeficient, pushimet, kontributet, tatimi. Punonjësi mund të mos pajtohet — por e kupton. Besimi në firmë ndërtohet me numra që mund të shpjegohen. A ju shpjegohet punonjësve si llogaritet paga? Përgjigju me PO ose JO 👇 #hr #burimenjerezore #menaxhimipersonelit #hrkosove #punonjesit #kulturaepunes #ekipi #bizneskosove #pagapro #menaxhim #lidership #startupkosove | K8: A ju shpjegohet punonjësve si llogaritet paga? Përgjigju me PO ose JO 👇 | L8: #hr #burimenjerezore #menaxhimipersonelit #hrkosove #punonjesit #kulturaepunes #ekipi #bizneskosove #pagapro #menaxhim #lidership #startupkosove | M8: Instagram feed post, 4:5 vertical, exactly 1080x1350 px. Brand: PagaPRO — payroll & HR software for Kosovo businesses. Palette (use ONLY these): navy #0B1220, professional blue #2563EB, canvas #F4F7FB, text #111827, muted grey #6B7280, light-on-dark #E8EDF5. Typeface: Inter, tight negative letter-spacing, weights 400/600/800; numbers in tabular-nums. Style: corporate-operational, flat, high contrast, generous white space, 6px corner radius, 1px hairline dividers. STRICTLY NO gradients, no neon, no glow, no 3D, no drop-shadow blobs, no playful/friendly illustrations, no stock-photo people, no emoji. Keep 90px safe margins on all sides so nothing is cropped in feed. LAYOUT — QUOTE: #F4F7FB canvas. Oversized #2563EB opening quotation mark, 240px, top-left, partially bleeding off. Quote text #0B1220 64px semibold, left-aligned, max 5 lines. Attribution line #6B7280 28px at the bottom above the footer. TEXT TO RENDER (Albanian, reproduce EXACTLY, keep the Albanian diacritics ë and ç): Quote text: 'Punonjësi nuk pyet «sa marr». Pyet «pse kaq».' | Attribution line: 'PagaPRO — transparencë në çdo fletëpagesë' FOOTER: small PagaPRO wordmark bottom-left — 'Paga' in #0B1220 (or #E8EDF5 on dark) and 'PRO' in #2563EB, extrabold, tight tracking; handle '@pagapro' in #6B7280 bottom-right, 24px. | N8: Për t'u bërë
A9: 8 | B9: 31 gusht 2026 | C9: E hënë | D9: 2 | E9: MUAJI 1 — NDËRGJEGJËSIM: 'Pagat po të hanë kohën' | F9: Ligji | G9: Law card | H9: 22:00–06:00. Nëse punojnë këto orë, nuk paguhen njësoj. | I9: Header strip: 'LIGJI I PUNËS' + 'Puna e natës' | Headline: 'Puna e natës nuk paguhet si puna e ditës.' | Body: 'Dritarja standarde: 22:00 – 06:00. Orët brenda saj mbajnë shtesë të veçantë mbi pagën bazë.' | Small italic: 'Informacion i përgjithshëm — jo këshillë ligjore.' | J9: Turni i natës është vendi ku Exceli dështon më shpesh. Sepse orët e natës nuk janë thjesht «orë». Janë orë me koeficient. Dhe shpesh mbivendosen me jashtëorarin ose me vikendin — çka do të thotë dy rregulla që duhen zbatuar mbi të njëjtin interval. Në PagaPRO dritarja e natës konfigurohet një herë (standard 22:00–06:00), koeficienti caktohet një herë, dhe pastaj sistemi e bën ndarjen vetë — orë për orë. Punonjësi e sheh në fletëpagesë saktësisht sa orë nate ka pasur dhe me çfarë shtese janë paguar. A keni turne nate në firmë? Na shkruaj në DM si i llogaritni tani. #ligjiipunes #tedrejtatepunes #kosove #hr #burimenjerezore #kontratapune #punonjes #punedhenes #atk #pagapro #bizneskosove #keshillajuridike | K9: A keni turne nate në firmë? Na shkruaj në DM si i llogaritni tani. | L9: #ligjiipunes #tedrejtatepunes #kosove #hr #burimenjerezore #kontratapune #punonjes #punedhenes #atk #pagapro #bizneskosove #keshillajuridike | M9: Instagram feed post, 4:5 vertical, exactly 1080x1350 px. Brand: PagaPRO — payroll & HR software for Kosovo businesses. Palette (use ONLY these): navy #0B1220, professional blue #2563EB, canvas #F4F7FB, text #111827, muted grey #6B7280, light-on-dark #E8EDF5. Typeface: Inter, tight negative letter-spacing, weights 400/600/800; numbers in tabular-nums. Style: corporate-operational, flat, high contrast, generous white space, 6px corner radius, 1px hairline dividers. STRICTLY NO gradients, no neon, no glow, no 3D, no drop-shadow blobs, no playful/friendly illustrations, no stock-photo people, no emoji. Keep 90px safe margins on all sides so nothing is cropped in feed. LAYOUT — LAW CARD: #F4F7FB canvas. A white document-style card. Top strip #0B1220 with 'LIGJI I PUNËS' in #E8EDF5 uppercase 26px on the left and the article reference in #2563EB on the right. Body: headline #111827 60px bold, then the rule in #6B7280 32px. Bottom of the card, 22px #6B7280 italic: 'Informacion i përgjithshëm — jo këshillë ligjore.' TEXT TO RENDER (Albanian, reproduce EXACTLY, keep the Albanian diacritics ë and ç): Header strip: 'LIGJI I PUNËS' + 'Puna e natës' | Headline: 'Puna e natës nuk paguhet si puna e ditës.' | Body: 'Dritarja standarde: 22:00 – 06:00. Orët brenda saj mbajnë shtesë të veçantë mbi pagën bazë.' | Small italic: 'Informacion i përgjithshëm — jo këshillë ligjore.' FOOTER: small PagaPRO wordmark bottom-left — 'Paga' in #0B1220 (or #E8EDF5 on dark) and 'PRO' in #2563EB, extrabold, tight tracking; handle '@pagapro' in #6B7280 bottom-right, 24px. | N9: Për t'u bërë
A10: 9 | B10: 1 shtator 2026 | C10: E martë | D10: 2 | E10: MUAJI 1 — NDËRGJEGJËSIM: 'Pagat po të hanë kohën' | F10: Dhimbja | G10: Statement | H10: «A ma dërgon fletëpagesën e marsit?» — dhe fillon kërkimi. | I10: Kicker: 'SKENARI I NJOHUR' | Headline: '«A ma dërgon fletëpagesën e marsit?»' | Sub: 'Dhe fillon kërkimi nëpër email, USB, dhe dosjen «Paga_FINAL_v3».' | J10: Punonjësi po merr kredi. I duhen fletëpagesat e 6 muajve të fundit. Sot. Nëse pagat i mban në Excel, kjo do të thotë: gjej skedarin e saktë të secilit muaj, sigurohu që është versioni final (jo «Paga_mars_final_v2_KORRIGJUAR»), rikrijo fletëpagesën, printo, vulos. 40 minuta për një punonjës. Shumëzoje me numrin e kërkesave në vit. Në PagaPRO çdo fletëpagesë e miratuar ruhet përgjithmonë. E gjen për 10 sekonda, në PDF, me të gjitha të dhënat e firmës. Sa herë në muaj të kërkohet një fletëpagesë e vjetër? 👇 #paga #pagat #listapagave #kontabilitet #financa #bizneskosove #kosove #prishtine #atk #pagapro #softuerbiznesi #hrkosove | K10: Sa herë në muaj të kërkohet një fletëpagesë e vjetër? 👇 | L10: #paga #pagat #listapagave #kontabilitet #financa #bizneskosove #kosove #prishtine #atk #pagapro #softuerbiznesi #hrkosove | M10: Instagram feed post, 4:5 vertical, exactly 1080x1350 px. Brand: PagaPRO — payroll & HR software for Kosovo businesses. Palette (use ONLY these): navy #0B1220, professional blue #2563EB, canvas #F4F7FB, text #111827, muted grey #6B7280, light-on-dark #E8EDF5. Typeface: Inter, tight negative letter-spacing, weights 400/600/800; numbers in tabular-nums. Style: corporate-operational, flat, high contrast, generous white space, 6px corner radius, 1px hairline dividers. STRICTLY NO gradients, no neon, no glow, no 3D, no drop-shadow blobs, no playful/friendly illustrations, no stock-photo people, no emoji. Keep 90px safe margins on all sides so nothing is cropped in feed. LAYOUT — BIG STATEMENT: full-bleed #0B1220 background. Small uppercase kicker in #2563EB, 26px, letter-spaced, top-left. Headline below it, 92-110px extrabold #E8EDF5, left-aligned, max 4 lines. A 4px x 120px #2563EB rule under the headline. Sub-line in #6B7280-lightened (#9AA6B8), 34px, 2 lines max. TEXT TO RENDER (Albanian, reproduce EXACTLY, keep the Albanian diacritics ë and ç): Kicker: 'SKENARI I NJOHUR' | Headline: '«A ma dërgon fletëpagesën e marsit?»' | Sub: 'Dhe fillon kërkimi nëpër email, USB, dhe dosjen «Paga_FINAL_v3».' FOOTER: small PagaPRO wordmark bottom-left — 'Paga' in #0B1220 (or #E8EDF5 on dark) and 'PRO' in #2563EB, extrabold, tight tracking; handle '@pagapro' in #6B7280 bottom-right, 24px. | N10: Për t'u bërë
A11: 10 | B11: 2 shtator 2026 | C11: E mërkurë | D11: 2 | E11: MUAJI 1 — NDËRGJEGJËSIM: 'Pagat po të hanë kohën' | F11: Ligji | G11: Split compare | H11: 1.3× · 1.5× · 2.0× — a i keni saktë koeficientët? | I11: Headline: 'Koeficientët që s'guxon t'i harrosh' | LEFT column header 'Orë e rregullt' with rows: '1.0×' | RIGHT column header 'Me shtesë' with rows: 'Jashtëorar 1.3×', 'Natë 1.3×', 'Vikend 1.5×', 'Festë zyrtare 2.0×' | J11: Katër lloje orësh. Katër koeficientë të ndryshëm. • Jashtëorar — 1.3× • Punë nate (22:00–06:00) — 1.3× • Vikend (e shtunë–e diel) — 1.5× • Festë zyrtare — 2.0× Këto janë vlerat referencë që përdoren gjerësisht në Kosovë dhe që PagaPRO i vendos si default — por secila firmë mund t'i konfigurojë sipas rregullores së vet ose kontratës kolektive. Rëndësia nuk është vetëm te numri. Është te fakti se duhet zbatuar automatikisht, mbi orët e sakta, çdo muaj, pa u mbështetur te kujtesa e dikujt. Ruaje këtë postim 🔖 — do të të duhet muajin tjetër. #ligjiipunes #tedrejtatepunes #kosove #hr #burimenjerezore #kontratapune #punonjes #punedhenes #atk #pagapro #bizneskosove #keshillajuridike | K11: Ruaje këtë postim 🔖 — do të të duhet muajin tjetër. | L11: #ligjiipunes #tedrejtatepunes #kosove #hr #burimenjerezore #kontratapune #punonjes #punedhenes #atk #pagapro #bizneskosove #keshillajuridike | M11: Instagram feed post, 4:5 vertical, exactly 1080x1350 px. Brand: PagaPRO — payroll & HR software for Kosovo businesses. Palette (use ONLY these): navy #0B1220, professional blue #2563EB, canvas #F4F7FB, text #111827, muted grey #6B7280, light-on-dark #E8EDF5. Typeface: Inter, tight negative letter-spacing, weights 400/600/800; numbers in tabular-nums. Style: corporate-operational, flat, high contrast, generous white space, 6px corner radius, 1px hairline dividers. STRICTLY NO gradients, no neon, no glow, no 3D, no drop-shadow blobs, no playful/friendly illustrations, no stock-photo people, no emoji. Keep 90px safe margins on all sides so nothing is cropped in feed. LAYOUT — SPLIT COMPARE: two columns side by side on #F4F7FB, divided by a 1px #E5E9F0 hairline. LEFT column header in #6B7280 ('Excel'), 4 short grey lines each with a small muted grey dash. RIGHT column header in #2563EB ('PagaPRO'), 4 short #111827 lines each with a small blue check. Headline above both in #0B1220 54px. TEXT TO RENDER (Albanian, reproduce EXACTLY, keep the Albanian diacritics ë and ç): Headline: 'Koeficientët që s'guxon t'i harrosh' | LEFT column header 'Orë e rregullt' with rows: '1.0×' | RIGHT column header 'Me shtesë' with rows: 'Jashtëorar 1.3×', 'Natë 1.3×', 'Vikend 1.5×', 'Festë zyrtare 2.0×' FOOTER: small PagaPRO wordmark bottom-left — 'Paga' in #0B1220 (or #E8EDF5 on dark) and 'PRO' in #2563EB, extrabold, tight tracking; handle '@pagapro' in #6B7280 bottom-right, 24px. | N11: Për t'u bërë
A12: 11 | B12: 3 shtator 2026 | C12: E enjte | D12: 2 | E12: MUAJI 1 — NDËRGJEGJËSIM: 'Pagat po të hanë kohën' | F12: Produkti | G12: Document stack | H12: Fletëpagesa që punonjësi e kupton pa të pyetur ty. | I12: Headline above the stack: 'Fletëpagesa që shpjegon vetveten' | On the top document sheet, faint but readable Albanian line items: 'Orët e rregullta', 'Jashtëorar', 'Pushim vjetor', 'Kontributi pensional', 'Tatimi në të ardhura', 'Paga neto' | Sub below the stack: 'Çdo rresht me formulën dhe numrat e vet.' | J12: Në PagaPRO çdo rresht i llogaritjes ruan «transparencën e pagës»: formulën e përdorur dhe numrat konkretë të zëvendësuar në të. Norma orare. Shtesa e jashtëorarit. Orët e pushimit. Referencat e kontributeve. Narrativa e tatimit. Paga neto. Kostoja totale për punëdhënësin. Kjo do të thotë se kur një punonjës pyet «pse kaq?», përgjigjja nuk është një hamendje — është e shkruar në sistem, e ruajtur, e pandryshueshme. HR-i fiton kohë. Punonjësi fiton besim. Do ta shohësh një fletëpagesë shembull? Shkruaj 'FLETË' në DM. #pagapro #softueri #digjitalizimibiznesit #automatizim #saas #teknologji #bizneskosove #paga #hr #dokumente #efikasitet #kursejkohe | K12: Do ta shohësh një fletëpagesë shembull? Shkruaj 'FLETË' në DM. | L12: #pagapro #softueri #digjitalizimibiznesit #automatizim #saas #teknologji #bizneskosove #paga #hr #dokumente #efikasitet #kursejkohe | M12: Instagram feed post, 4:5 vertical, exactly 1080x1350 px. Brand: PagaPRO — payroll & HR software for Kosovo businesses. Palette (use ONLY these): navy #0B1220, professional blue #2563EB, canvas #F4F7FB, text #111827, muted grey #6B7280, light-on-dark #E8EDF5. Typeface: Inter, tight negative letter-spacing, weights 400/600/800; numbers in tabular-nums. Style: corporate-operational, flat, high contrast, generous white space, 6px corner radius, 1px hairline dividers. STRICTLY NO gradients, no neon, no glow, no 3D, no drop-shadow blobs, no playful/friendly illustrations, no stock-photo people, no emoji. Keep 90px safe margins on all sides so nothing is cropped in feed. LAYOUT — DOCUMENT STACK: #F4F7FB canvas. Three flat white document sheets fanned in a tidy overlapping stack, each with a #0B1220 header bar, faint grey text lines and a small #2563EB signature mark on the top sheet. Headline #0B1220 60px above the stack, sub #6B7280 30px below. TEXT TO RENDER (Albanian, reproduce EXACTLY, keep the Albanian diacritics ë and ç): Headline above the stack: 'Fletëpagesa që shpjegon vetveten' | On the top document sheet, faint but readable Albanian line items: 'Orët e rregullta', 'Jashtëorar', 'Pushim vjetor', 'Kontributi pensional', 'Tatimi në të ardhura', 'Paga neto' | Sub below the stack: 'Çdo rresht me formulën dhe numrat e vet.' FOOTER: small PagaPRO wordmark bottom-left — 'Paga' in #0B1220 (or #E8EDF5 on dark) and 'PRO' in #2563EB, extrabold, tight tracking; handle '@pagapro' in #6B7280 bottom-right, 24px. | N12: Për t'u bërë
A13: 12 | B13: 4 shtator 2026 | C13: E premte | D13: 2 | E13: MUAJI 1 — NDËRGJEGJËSIM: 'Pagat po të hanë kohën' | F13: Mitet | G13: Myth vs truth | H13: «Kontrata me gojë vlen — e njohim njëri-tjetrin.» | I13: TOP panel label 'MIT' with struck-through text: 'Kontrata me gojë vlen — e njohim njëri-tjetrin.' | BOTTOM panel label 'E VËRTETA' with text: 'Te inspektimi, ajo që s'është me shkrim thjesht nuk ekziston.' | J13: Marrëdhënia mund të nisë me besim. Por dokumentohet me shkrim. Kontrata e punës me shkrim mbron të dyja palët: punonjësi e di afatin, pagën dhe detyrat; punëdhënësi ka bazën për çdo veprim të mëvonshëm — aneks, paralajmërim, ndërprerje. Pa kontratë, çdo mosmarrëveshje bëhet fjalë kundër fjale. Dhe në atë skenar, pala më e mbrojtur nuk është punëdhënësi. Në PagaPRO kontrata gjenerohet nga të dhënat që i ke tashmë — emri, pozita, përshkrimi i detyrave, paga, afati — dhe del gati për nënshkrim. A i keni të gjithë punonjësit me kontratë të nënshkruar? PO / JO 👇 #ligjiipunes #tedrejtatepunes #kosove #hr #burimenjerezore #kontratapune #punonjes #punedhenes #atk #pagapro #bizneskosove #keshillajuridike | K13: A i keni të gjithë punonjësit me kontratë të nënshkruar? PO / JO 👇 | L13: #ligjiipunes #tedrejtatepunes #kosove #hr #burimenjerezore #kontratapune #punonjes #punedhenes #atk #pagapro #bizneskosove #keshillajuridike | M13: Instagram feed post, 4:5 vertical, exactly 1080x1350 px. Brand: PagaPRO — payroll & HR software for Kosovo businesses. Palette (use ONLY these): navy #0B1220, professional blue #2563EB, canvas #F4F7FB, text #111827, muted grey #6B7280, light-on-dark #E8EDF5. Typeface: Inter, tight negative letter-spacing, weights 400/600/800; numbers in tabular-nums. Style: corporate-operational, flat, high contrast, generous white space, 6px corner radius, 1px hairline dividers. STRICTLY NO gradients, no neon, no glow, no 3D, no drop-shadow blobs, no playful/friendly illustrations, no stock-photo people, no emoji. Keep 90px safe margins on all sides so nothing is cropped in feed. LAYOUT — MYTH VS TRUTH: two stacked panels, full width. TOP panel (40% height) #F4F7FB, label 'MIT' in #6B7280 uppercase 26px, myth text #6B7280 52px with a thin strikethrough line through it. BOTTOM panel (60%) #0B1220, label 'E VËRTETA' in #2563EB uppercase 26px, truth text #E8EDF5 60px bold. TEXT TO RENDER (Albanian, reproduce EXACTLY, keep the Albanian diacritics ë and ç): TOP panel label 'MIT' with struck-through text: 'Kontrata me gojë vlen — e njohim njëri-tjetrin.' | BOTTOM panel label 'E VËRTETA' with text: 'Te inspektimi, ajo që s'është me shkrim thjesht nuk ekziston.' FOOTER: small PagaPRO wordmark bottom-left — 'Paga' in #0B1220 (or #E8EDF5 on dark) and 'PRO' in #2563EB, extrabold, tight tracking; handle '@pagapro' in #6B7280 bottom-right, 24px. | N13: Për t'u bërë
... A91: 90 | B91: 21 nëntor 2026 | C91: E shtunë | D91: 13 | E91: MUAJI 3 — VENDIM: 'Nga Exceli te PagaPRO' | F91: Produkti | G91: Offer | H91: Firma jote e meriton një sistem. Fillojmë sot. | I91: Headline: 'Fillojmë sot.' | Button label: 'Shkruaj FILLO në DM' | Sub-line: 'PagaPRO — pagat, punonjësit dhe dokumentet, në një vend.' | J91: Nëse i ke lexuar këto 90 postime dhe e ke njohur veten në to — atëherë e di tashmë çfarë duhet bërë. PagaPRO është ndërtuar për firmat në Kosovë: me rregullat, festat, dokumentet dhe gjuhën e vendit. Pagat, punonjësit, pushimet, kontratat dhe raportet — në një sistem të vetëm. Nuk kërkojmë vendim sot. Kërkojmë 45 minuta për të të treguar si do të dukej muaji yt. Pjesa tjetër e vendos vetë. Shkruaj 'FILLO' në DM — ose na gjej në pagapro.com 📩 #pagapro #softueri #digjitalizimibiznesit #automatizim #saas #teknologji #bizneskosove #paga #hr #dokumente #efikasitet #kursejkohe | K91: Shkruaj 'FILLO' në DM — ose na gjej në pagapro.com 📩 | L91: #pagapro #softueri #digjitalizimibiznesit #automatizim #saas #teknologji #bizneskosove #paga #hr #dokumente #efikasitet #kursejkohe | M91: Instagram feed post, 4:5 vertical, exactly 1080x1350 px. Brand: PagaPRO — payroll & HR software for Kosovo businesses. Palette (use ONLY these): navy #0B1220, professional blue #2563EB, canvas #F4F7FB, text #111827, muted grey #6B7280, light-on-dark #E8EDF5. Typeface: Inter, tight negative letter-spacing, weights 400/600/800; numbers in tabular-nums. Style: corporate-operational, flat, high contrast, generous white space, 6px corner radius, 1px hairline dividers. STRICTLY NO gradients, no neon, no glow, no 3D, no drop-shadow blobs, no playful/friendly illustrations, no stock-photo people, no emoji. Keep 90px safe margins on all sides so nothing is cropped in feed. LAYOUT — OFFER: full-bleed #0B1220. Headline #E8EDF5 88px extrabold, centred, max 3 lines. Under it a #2563EB solid button shape, 6px radius, with white 38px bold label. Sub-line #9AA6B8 28px under the button. TEXT TO RENDER (Albanian, reproduce EXACTLY, keep the Albanian diacritics ë and ç): Headline: 'Fillojmë sot.' | Button label: 'Shkruaj FILLO në DM' | Sub-line: 'PagaPRO — pagat, punonjësit dhe dokumentet, në një vend.' FOOTER: small PagaPRO wordmark bottom-left — 'Paga' in #0B1220 (or #E8EDF5 on dark) and 'PRO' in #2563EB, extrabold, tight tracking; handle '@pagapro' in #6B7280 bottom-right, 24px. | N91: Për t'u bërë

Sheet Reklamat
A1: # | B1: Periudha | C1: Objektivi | D1: Këndi (angle) | E1: Audienca | F1: Hook | G1: Teksti primar (Primary text) | H1: Titulli (Headline ≤40) | I1: Përshkrimi (≤30) | J1: Butoni CTA | K1: KPI për ta ndjekur | L1: PROMPT PËR CLAUDE DESIGN
A2: 1 | B2: Java 1-2 | C2: Trafik / Njohje | D2: Kosto e fshehur e kohës | E2: Pronarë biznesi 28–55, Kosovë, interesa: sipërmarrësi, kontabilitet, biznes i vogël | F2: 3 ditë në muaj për pagat. 36 ditë në vit. | G2: Sa ditë në muaj harxhoni për t'i mbyllur pagat? Një firmë me 25 punonjës harxhon 2–3 ditë. Në vit, kjo është më shumë se një muaj pune — nga koha e pronarit ose e financës. PagaPRO i mbyll pagat në 20 minuta: orët, jashtëorari, pushimet, kontributet, fletëpagesat dhe eksporti për ATK — automatikisht, sipas rregullave të Kosovës. 👉 Cakto një demo 15-minutëshe me të dhënat e firmës tënde. | H2: 36 ditë pune në vit për pagat? | I2: 20 minuta në vend të 3 ditëve. | J2: Mëso më shumë | K2: CTR > 1.2% · CPC < 0.15 € · Ruajtje/Share | L2: Instagram feed post, 4:5 vertical, exactly 1080x1350 px. Brand: PagaPRO — payroll & HR software for Kosovo businesses. Palette (use ONLY these): navy #0B1220, professional blue #2563EB, canvas #F4F7FB, text #111827, muted grey #6B7280, light-on-dark #E8EDF5. Typeface: Inter, tight negative letter-spacing, weights 400/600/800; numbers in tabular-nums. Style: corporate-operational, flat, high contrast, generous white space, 6px corner radius, 1px hairline dividers. STRICTLY NO gradients, no neon, no glow, no 3D, no drop-shadow blobs, no playful/friendly illustrations, no stock-photo people, no emoji. Keep 90px safe margins on all sides so nothing is cropped in feed. LAYOUT — BIG STATEMENT: full-bleed #0B1220 background. Small uppercase kicker in #2563EB, 26px, letter-spaced, top-left. Headline below it, 92-110px extrabold #E8EDF5, left-aligned, max 4 lines. A 4px x 120px #2563EB rule under the headline. Sub-line in #6B7280-lightened (#9AA6B8), 34px, 2 lines max. TEXT TO RENDER (Albanian, reproduce EXACTLY, keep the Albanian diacritics ë and ç): Kicker: 'LLOGARITE VETË' | Headline: '36 ditë pune në vit.' | Sub: 'Aq të hanë pagat manuale. PagaPRO e bën për 20 minuta.' FOOTER: small PagaPRO wordmark bottom-left — 'Paga' in #0B1220 (or #E8EDF5 on dark) and 'PRO' in #2563EB, extrabold, tight tracking; handle '@pagapro' in #6B7280 bottom-right, 24px. NOTE: this is a PAID AD creative — keep the on-image text under 20% of the area, make the headline readable at thumbnail size, and leave the bottom 15% clear of text so platform CTA overlays do not collide with it.
A3: 2 | B3: Java 3-4 | C3: Trafik / Njohje | D3: Frika ligjore — dokumentet | E3: Pronarë + HR, Kosovë, interesa: burime njerëzore, e drejta e punës | F3: Kontrata pa përshkrim detyrash nuk është e plotë. | G3: A janë kontratat tuaja të plota? Përshkrimi i detyrave është elementi që harrohet më shpesh — dhe pa të, kontrata është e paplotë. PagaPRO gjeneron kontrata, anekse dhe vendime ndërprerjeje në shqip, të mbushura automatikisht me të dhënat e firmës dhe të punonjësit: emri ligjor, NUI, adresa, përfaqësuesi i autorizuar, vula dhe nënshkrimi. 14 shabllone ligjore, të gatshme që ditën e parë. 👉 Shiko si gjenerohet një kontratë në 30 sekonda. | H3: Kontrata e punës, e plotë në 30 sekonda | I3: 14 shabllone ligjore në shqip. | J3: Mëso më shumë | K3: CTR > 1.0% · Ruajtje të larta · Komente pyetjesh | L3: Instagram feed post, 4:5 vertical, exactly 1080x1350 px. Brand: PagaPRO — payroll & HR software for Kosovo businesses. Palette (use ONLY these): navy #0B1220, professional blue #2563EB, canvas #F4F7FB, text #111827, muted grey #6B7280, light-on-dark #E8EDF5. Typeface: Inter, tight negative letter-spacing, weights 400/600/800; numbers in tabular-nums. Style: corporate-operational, flat, high contrast, generous white space, 6px corner radius, 1px hairline dividers. STRICTLY NO gradients, no neon, no glow, no 3D, no drop-shadow blobs, no playful/friendly illustrations, no stock-photo people, no emoji. Keep 90px safe margins on all sides so nothing is cropped in feed. LAYOUT — LAW CARD: #F4F7FB canvas. A white document-style card. Top strip #0B1220 with 'LIGJI I PUNËS' in #E8EDF5 uppercase 26px on the left and the article reference in #2563EB on the right. Body: headline #111827 60px bold, then the rule in #6B7280 32px. Bottom of the card, 22px #6B7280 italic: 'Informacion i përgjithshëm — jo këshillë ligjore.' TEXT TO RENDER (Albanian, reproduce EXACTLY, keep the Albanian diacritics ë and ç): Header strip: 'LIGJI I PUNËS' + 'Kontrata e punës' | Headline: 'Kontrata pa përshkrim detyrash nuk qëndron.' | Body: 'Neni 11 e kërkon. Copy-paste nuk e zgjidh.' | Small italic: 'Informacion i përgjithshëm — jo këshillë ligjore.' FOOTER: small PagaPRO wordmark bottom-left — 'Paga' in #0B1220 (or #E8EDF5 on dark) and 'PRO' in #2563EB, extrabold, tight tracking; handle '@pagapro' in #6B7280 bottom-right, 24px. NOTE: this is a PAID AD creative — keep the on-image text under 20% of the area, make the headline readable at thumbnail size, and leave the bottom 15% clear of text so platform CTA overlays do not collide with it.
A4: 3 | B4: Java 5-6 | C4: Konsideratë / Video-lookalike | D4: Krahasim direkt Excel vs sistem | E4: Retargeting: 180 ditë vizitorë faqeje + engagers IG/FB | F4: Excel nuk të thotë kurrë që ke gabuar. | G4: Exceli nuk të njofton kurrë për gabimin. Formula vazhdon të kthejë një numër — thjesht numrin e gabuar. Një referencë e zhvendosur në janar udhëton në të 12 muajt: 12 lista pagash, 12 fletëpagesa, një korrigjim i dhimbshëm. PagaPRO e llogarit njësoj çdo muaj dhe e ruan shpjegimin e çdo shifre — orë për orë, koeficient për koeficient. 👉 Krahasoje me pagën e muajit të kaluar. Pa detyrim. | H4: Excel vs PagaPRO: krahasimi me numra | I4: 2 ditë ose 20 minuta. | J4: Krahaso tani | K4: CTR > 1.5% (retargeting) · CPL < 4 € | L4: Instagram feed post, 4:5 vertical, exactly 1080x1350 px. Brand: PagaPRO — payroll & HR software for Kosovo businesses. Palette (use ONLY these): navy #0B1220, professional blue #2563EB, canvas #F4F7FB, text #111827, muted grey #6B7280, light-on-dark #E8EDF5. Typeface: Inter, tight negative letter-spacing, weights 400/600/800; numbers in tabular-nums. Style: corporate-operational, flat, high contrast, generous white space, 6px corner radius, 1px hairline dividers. STRICTLY NO gradients, no neon, no glow, no 3D, no drop-shadow blobs, no playful/friendly illustrations, no stock-photo people, no emoji. Keep 90px safe margins on all sides so nothing is cropped in feed. LAYOUT — SPLIT COMPARE: two columns side by side on #F4F7FB, divided by a 1px #E5E9F0 hairline. LEFT column header in #6B7280 ('Excel'), 4 short grey lines each with a small muted grey dash. RIGHT column header in #2563EB ('PagaPRO'), 4 short #111827 lines each with a small blue check. Headline above both in #0B1220 54px. TEXT TO RENDER (Albanian, reproduce EXACTLY, keep the Albanian diacritics ë and ç): Headline: 'Excel kundër PagaPRO' | LEFT header 'Excel' rows: 'Mbyllja: 2 ditë', 'Fletëpagesa: me dorë', 'Kontratë: copy-paste', 'ATK: 3 orë' | RIGHT header 'PagaPRO' rows: 'Mbyllja: 20 min', 'Fletëpagesa: automatike', 'Kontratë: 30 sekonda', 'ATK: 1 klikim' FOOTER: small PagaPRO wordmark bottom-left — 'Paga' in #0B1220 (or #E8EDF5 on dark) and 'PRO' in #2563EB, extrabold, tight tracking; handle '@pagapro' in #6B7280 bottom-right, 24px. NOTE: this is a PAID AD creative — keep the on-image text under 20% of the area, make the headline readable at thumbnail size, and leave the bottom 15% clear of text so platform CTA overlays do not collide with it.
A5: 4 | B5: Java 7-8 | C5: Lead / Demo | D5: Demo me të dhënat e klientit | E5: Lookalike 1% i lead-eve + pronarë 10–50 punonjës | F5: Demo me punonjësit e tu realë, jo me shembuj. | G5: Demot me të dhëna të sajuara nuk të tregojnë asgjë. Na jep 3 punonjës realë me pagat dhe orët e tyre. Në 15 minuta e sheh saktësisht si do të dukej muaji yt në PagaPRO: llogaritja, fletëpagesa, kontrata. Pastaj e krahason me atë që ke tani. Pa prezantim me 40 slajde. Pa detyrim. 👉 Cakto orarin tënd. | H5: Demo 15-minutëshe, me të dhënat e tua | I5: Muaji yt, në PagaPRO. | J5: Rezervo demo | K5: CPL < 5 € · Show-up rate > 60% | L5: Instagram feed post, 4:5 vertical, exactly 1080x1350 px. Brand: PagaPRO — payroll & HR software for Kosovo businesses. Palette (use ONLY these): navy #0B1220, professional blue #2563EB, canvas #F4F7FB, text #111827, muted grey #6B7280, light-on-dark #E8EDF5. Typeface: Inter, tight negative letter-spacing, weights 400/600/800; numbers in tabular-nums. Style: corporate-operational, flat, high contrast, generous white space, 6px corner radius, 1px hairline dividers. STRICTLY NO gradients, no neon, no glow, no 3D, no drop-shadow blobs, no playful/friendly illustrations, no stock-photo people, no emoji. Keep 90px safe margins on all sides so nothing is cropped in feed. LAYOUT — OFFER: full-bleed #0B1220. Headline #E8EDF5 88px extrabold, centred, max 3 lines. Under it a #2563EB solid button shape, 6px radius, with white 38px bold label. Sub-line #9AA6B8 28px under the button. TEXT TO RENDER (Albanian, reproduce EXACTLY, keep the Albanian diacritics ë and ç): Headline: 'Demo me të dhënat e tua' | Button label: 'Cakto demo 15-minutëshe' | Sub-line: '3 punonjës realë · pagat e tua · pa detyrim' FOOTER: small PagaPRO wordmark bottom-left — 'Paga' in #0B1220 (or #E8EDF5 on dark) and 'PRO' in #2563EB, extrabold, tight tracking; handle '@pagapro' in #6B7280 bottom-right, 24px. NOTE: this is a PAID AD creative — keep the on-image text under 20% of the area, make the headline readable at thumbnail size, and leave the bottom 15% clear of text so platform CTA overlays do not collide with it.
A6: 5 | B6: Java 9-10 | C6: Lead / Demo | D6: Turne dhe jashtëorar (nishë prodhimi) | E6: Prodhim, ndërtimtari, hoteleri — firma me turne, Kosovë | F6: Turne nate, vikend dhe jashtëorar? Aty gabon Exceli më shumë. | G6: Katër lloje orësh, katër koeficientë — dhe shpesh dy rregulla mbi të njëjtin interval. Nëse keni turne nate, punë vikendi ose jashtëorar të rregullt, llogaritja manuale është vendi ku lindin gabimet më të shtrenjta. PagaPRO i ndan orët automatikisht: të rregullta, jashtëorar, natë (22:00–06:00), vikend, festë — sipas koeficientëve që i konfiguron një herë. Dhe punonjësi e sheh ndarjen në fletëpagesë. 👉 Demo për firma me turne. | H6: Turne dhe jashtëorar, llogaritur saktë | I6: Koeficientët aplikohen vetë. | J6: Rezervo demo | K6: CPL < 6 € · Relevance score > 3 | L6: Instagram feed post, 4:5 vertical, exactly 1080x1350 px. Brand: PagaPRO — payroll & HR software for Kosovo businesses. Palette (use ONLY these): navy #0B1220, professional blue #2563EB, canvas #F4F7FB, text #111827, muted grey #6B7280, light-on-dark #E8EDF5. Typeface: Inter, tight negative letter-spacing, weights 400/600/800; numbers in tabular-nums. Style: corporate-operational, flat, high contrast, generous white space, 6px corner radius, 1px hairline dividers. STRICTLY NO gradients, no neon, no glow, no 3D, no drop-shadow blobs, no playful/friendly illustrations, no stock-photo people, no emoji. Keep 90px safe margins on all sides so nothing is cropped in feed. LAYOUT — SPLIT COMPARE: two columns side by side on #F4F7FB, divided by a 1px #E5E9F0 hairline. LEFT column header in #6B7280 ('Excel'), 4 short grey lines each with a small muted grey dash. RIGHT column header in #2563EB ('PagaPRO'), 4 short #111827 lines each with a small blue check. Headline above both in #0B1220 54px. TEXT TO RENDER (Albanian, reproduce EXACTLY, keep the Albanian diacritics ë and ç): Headline: 'Koeficientët që s'guxon t'i harrosh' | LEFT column 'Orë e rregullt': '1.0×' | RIGHT column 'Me shtesë': 'Jashtëorar 1.3×', 'Natë 1.3×', 'Vikend 1.5×', 'Festë 2.0×' FOOTER: small PagaPRO wordmark bottom-left — 'Paga' in #0B1220 (or #E8EDF5 on dark) and 'PRO' in #2563EB, extrabold, tight tracking; handle '@pagapro' in #6B7280 bottom-right, 24px. NOTE: this is a PAID AD creative — keep the on-image text under 20% of the area, make the headline readable at thumbnail size, and leave the bottom 15% clear of text so platform CTA overlays do not collide with it.
A7: 6 | B7: Java 11-12 | C7: Konvertim | D7: Provë paralele — heqja e rrezikut | E7: Retargeting 30 ditë: vizitorë çmimi/demo që s'kanë konvertuar | F7: Provoje paralelisht me Excel-in. Nëse s'dalin njësoj, e le. | G7: Mos na beso ne. Beso krahasimin tënd. Mbylle pagën e muajit si e bën gjithmonë. Pastaj mbylle edhe në PagaPRO. Krahasoji rresht për rresht. Nëse dalin njësoj, e ke provën që të duhet. Nëse jo, ke gjetur diçka që duhej ta dije — në një muaj testi, jo në një inspektim. Asnjë klient nuk e ka bërë paralelisht më shumë se një muaj. 👉 Fillo provën këtë muaj. | H7: Provoje paralelisht me Excel-in | I7: Krahaso. Vendos vetë. | J7: Fillo tani | K7: CPA < 25 € · ROAS pozitiv brenda 60 ditësh | L7: Instagram feed post, 4:5 vertical, exactly 1080x1350 px. Brand: PagaPRO — payroll & HR software for Kosovo businesses. Palette (use ONLY these): navy #0B1220, professional blue #2563EB, canvas #F4F7FB, text #111827, muted grey #6B7280, light-on-dark #E8EDF5. Typeface: Inter, tight negative letter-spacing, weights 400/600/800; numbers in tabular-nums. Style: corporate-operational, flat, high contrast, generous white space, 6px corner radius, 1px hairline dividers. STRICTLY NO gradients, no neon, no glow, no 3D, no drop-shadow blobs, no playful/friendly illustrations, no stock-photo people, no emoji. Keep 90px safe margins on all sides so nothing is cropped in feed. LAYOUT — OFFER: full-bleed #0B1220. Headline #E8EDF5 88px extrabold, centred, max 3 lines. Under it a #2563EB solid button shape, 6px radius, with white 38px bold label. Sub-line #9AA6B8 28px under the button. TEXT TO RENDER (Albanian, reproduce EXACTLY, keep the Albanian diacritics ë and ç): Headline: 'Provoje paralelisht' | Button label: 'Fillo provën' | Sub-line: 'Një muaj · krahaso me Excel-in · pa detyrim' FOOTER: small PagaPRO wordmark bottom-left — 'Paga' in #0B1220 (or #E8EDF5 on dark) and 'PRO' in #2563EB, extrabold, tight tracking; handle '@pagapro' in #6B7280 bottom-right, 24px. NOTE: this is a PAID AD creative — keep the on-image text under 20% of the area, make the headline readable at thumbnail size, and leave the bottom 15% clear of text so platform CTA overlays do not collide with it.
A8: 7 | B8: Java 13 | C8: Konvertim | D8: Urgjenca e fundvitit | E8: Retargeting i gjerë + pronarë 10–50 punonjës | F8: Hyr në vitin e ri me të dhëna të pastra. | G8: Kush e vë sistemin në janar, e mëson në muajin më të ngarkuar të vitit. Kush e vë tani, hyn në janar me gjithçka gati: punonjësit, parametrat, kalendarin e festave 2027, shabllonet e dokumenteve — dhe një muaj provë paralele pas krahëve. PagaPRO: pagat, punonjësit, pushimet dhe dokumentet ligjore, në një sistem, sipas rregullave të Kosovës. 👉 Konfigurimi zgjat 45 minuta. | H8: Hyr në 2027 me të dhëna të pastra | I8: Konfigurim në 45 minuta. | J8: Rezervo konfigurimin | K8: CPA < 25 € · Frekuencë < 3 | L8: Instagram feed post, 4:5 vertical, exactly 1080x1350 px. Brand: PagaPRO — payroll & HR software for Kosovo businesses. Palette (use ONLY these): navy #0B1220, professional blue #2563EB, canvas #F4F7FB, text #111827, muted grey #6B7280, light-on-dark #E8EDF5. Typeface: Inter, tight negative letter-spacing, weights 400/600/800; numbers in tabular-nums. Style: corporate-operational, flat, high contrast, generous white space, 6px corner radius, 1px hairline dividers. STRICTLY NO gradients, no neon, no glow, no 3D, no drop-shadow blobs, no playful/friendly illustrations, no stock-photo people, no emoji. Keep 90px safe margins on all sides so nothing is cropped in feed. LAYOUT — BIG STATEMENT: full-bleed #0B1220 background. Small uppercase kicker in #2563EB, 26px, letter-spaced, top-left. Headline below it, 92-110px extrabold #E8EDF5, left-aligned, max 4 lines. A 4px x 120px #2563EB rule under the headline. Sub-line in #6B7280-lightened (#9AA6B8), 34px, 2 lines max. TEXT TO RENDER (Albanian, reproduce EXACTLY, keep the Albanian diacritics ë and ç): Kicker: 'FUNDVITI' | Headline: 'Janari duhet të jetë muaji kur e përdor sistemin.' | Sub: 'Jo muaji kur e mëson. Konfigurohu tani.' FOOTER: small PagaPRO wordmark bottom-left — 'Paga' in #0B1220 (or #E8EDF5 on dark) and 'PRO' in #2563EB, extrabold, tight tracking; handle '@pagapro' in #6B7280 bottom-right, 24px. NOTE: this is a PAID AD creative — keep the on-image text under 20% of the area, make the headline readable at thumbnail size, and leave the bottom 15% clear of text so platform CTA overlays do not collide with it.
A9: 8 | B9: Gjithmonë aktive | C9: Trafik | D9: Kundërshtimi: 'punonjësit s'dinë softuer' | E9: Pronarë 35–60, firma prodhuese/tregtare, Kosovë | F9: Punonjësit nuk e hapin fare sistemin. | G9: Kundërshtimi më i shpeshtë — dhe më i lehtë për t'u zgjidhur. PagaPRO përdoret nga 1–3 persona në firmë: pronari, HR-i, financa. Punonjësit nuk hyjnë fare. Ata marrin atë që marrin gjithmonë — fletëpagesën, kontratën, vendimin e pushimit — vetëm se tani vijnë të plota, në kohë dhe pa gabime. Ndryshimi ndodh në zyrë, jo në repart. 👉 Shiko si funksionon. | H9: Punonjësit nuk e prekin fare sistemin | I9: E përdorin vetëm 1–3 veta. | J9: Mëso më shumë | K9: CTR > 1.0% · Kosto për ThruPlay e ulët | L9: Instagram feed post, 4:5 vertical, exactly 1080x1350 px. Brand: PagaPRO — payroll & HR software for Kosovo businesses. Palette (use ONLY these): navy #0B1220, professional blue #2563EB, canvas #F4F7FB, text #111827, muted grey #6B7280, light-on-dark #E8EDF5. Typeface: Inter, tight negative letter-spacing, weights 400/600/800; numbers in tabular-nums. Style: corporate-operational, flat, high contrast, generous white space, 6px corner radius, 1px hairline dividers. STRICTLY NO gradients, no neon, no glow, no 3D, no drop-shadow blobs, no playful/friendly illustrations, no stock-photo people, no emoji. Keep 90px safe margins on all sides so nothing is cropped in feed. LAYOUT — MYTH VS TRUTH: two stacked panels, full width. TOP panel (40% height) #F4F7FB, label 'MIT' in #6B7280 uppercase 26px, myth text #6B7280 52px with a thin strikethrough line through it. BOTTOM panel (60%) #0B1220, label 'E VËRTETA' in #2563EB uppercase 26px, truth text #E8EDF5 60px bold. TEXT TO RENDER (Albanian, reproduce EXACTLY, keep the Albanian diacritics ë and ç): TOP panel label 'MIT' struck through: 'Punonjësit e mi s'dinë softuer.' | BOTTOM panel label 'E VËRTETA': 'Sistemin e përdorin 1–3 veta. Punonjësit marrin vetëm fletëpagesën.' FOOTER: small PagaPRO wordmark bottom-left — 'Paga' in #0B1220 (or #E8EDF5 on dark) and 'PRO' in #2563EB, extrabold, tight tracking; handle '@pagapro' in #6B7280 bottom-right, 24px. NOTE: this is a PAID AD creative — keep the on-image text under 20% of the area, make the headline readable at thumbnail size, and leave the bottom 15% clear of text so platform CTA overlays do not collide with it.
A10: 9 | B10: Gjithmonë aktive | C10: Lead | D10: Kanali i kontabilistëve (partneritet) | E10: Kontabilistë dhe zyra kontabiliteti, Kosovë | F10: Klientët tuaj ju dërgojnë të dhëna të pista. Ne e rregullojmë këtë. | G10: Pyet çdo kontabilist se çfarë e vonon punën dhe përgjigjja është e njëjta: të dhënat që vijnë me pjesë, në formate të ndryshme, me korrigjime pas dorëzimit. Jo llogaritja. Pastrimi. Kur klienti punon në PagaPRO, ju merrni një grup të dhënash të plota, në të njëjtin format, çdo muaj, në të njëjtën ditë — bashkë me eksportin për ATK. 👉 Kemi program partneriteti për zyrat e kontabilitetit. | H10: Për kontabilistët: të dhëna të pastra | I10: Program partneriteti. | J10: Aplikoni | K10: CPL < 8 € · Cilësi lead-i (zyra me 5+ klientë) | L10: Instagram feed post, 4:5 vertical, exactly 1080x1350 px. Brand: PagaPRO — payroll & HR software for Kosovo businesses. Palette (use ONLY these): navy #0B1220, professional blue #2563EB, canvas #F4F7FB, text #111827, muted grey #6B7280, light-on-dark #E8EDF5. Typeface: Inter, tight negative letter-spacing, weights 400/600/800; numbers in tabular-nums. Style: corporate-operational, flat, high contrast, generous white space, 6px corner radius, 1px hairline dividers. STRICTLY NO gradients, no neon, no glow, no 3D, no drop-shadow blobs, no playful/friendly illustrations, no stock-photo people, no emoji. Keep 90px safe margins on all sides so nothing is cropped in feed. LAYOUT — BIG STATEMENT: full-bleed #0B1220 background. Small uppercase kicker in #2563EB, 26px, letter-spaced, top-left. Headline below it, 92-110px extrabold #E8EDF5, left-aligned, max 4 lines. A 4px x 120px #2563EB rule under the headline. Sub-line in #6B7280-lightened (#9AA6B8), 34px, 2 lines max. TEXT TO RENDER (Albanian, reproduce EXACTLY, keep the Albanian diacritics ë and ç): Kicker: 'PËR KONTABILISTËT' | Headline: 'Të dhëna të pastra, çdo muaj, në të njëjtën ditë.' | Sub: 'Klientët tuaj punojnë në PagaPRO. Ju merrni gjithçka gati.' FOOTER: small PagaPRO wordmark bottom-left — 'Paga' in #0B1220 (or #E8EDF5 on dark) and 'PRO' in #2563EB, extrabold, tight tracking; handle '@pagapro' in #6B7280 bottom-right, 24px. NOTE: this is a PAID AD creative — keep the on-image text under 20% of the area, make the headline readable at thumbnail size, and leave the bottom 15% clear of text so platform CTA overlays do not collide with it.
A11: 10 | B11: Gjithmonë aktive | C11: Trafik | D11: Startup / firmë e re | E11: Themelues 25–40, startup dhe biznese të reja, Kosovë | F11: 6 punonjës. Sistem që ditën e parë. | G11: «A s'është herët për ne?» Një firmë e re nuk e ka problemin e kohës. E ka problemin e trashëgimisë. Çdo kontratë e bërë keq sot, çdo pushim i pagjurmuar, çdo pagë e llogaritur me formulë të improvizuar — do të duhet të rregullohet kur firma të jetë 30 vetësh. Dhe atëherë rregullimi do të thotë rikthim në 24 muaj historik. 👉 Fillo me strukturën e duhur. | H11: Firmë e re? Fillo me strukturën e duhur | I11: Konfigurimi zgjat 30 minuta. | J11: Fillo tani | K11: CTR > 1.3% · CPC < 0.12 € | L11: Instagram feed post, 4:5 vertical, exactly 1080x1350 px. Brand: PagaPRO — payroll & HR software for Kosovo businesses. Palette (use ONLY these): navy #0B1220, professional blue #2563EB, canvas #F4F7FB, text #111827, muted grey #6B7280, light-on-dark #E8EDF5. Typeface: Inter, tight negative letter-spacing, weights 400/600/800; numbers in tabular-nums. Style: corporate-operational, flat, high contrast, generous white space, 6px corner radius, 1px hairline dividers. STRICTLY NO gradients, no neon, no glow, no 3D, no drop-shadow blobs, no playful/friendly illustrations, no stock-photo people, no emoji. Keep 90px safe margins on all sides so nothing is cropped in feed. LAYOUT — BIG STATEMENT: full-bleed #0B1220 background. Small uppercase kicker in #2563EB, 26px, letter-spaced, top-left. Headline below it, 92-110px extrabold #E8EDF5, left-aligned, max 4 lines. A 4px x 120px #2563EB rule under the headline. Sub-line in #6B7280-lightened (#9AA6B8), 34px, 2 lines max. TEXT TO RENDER (Albanian, reproduce EXACTLY, keep the Albanian diacritics ë and ç): Kicker: 'PËR FIRMAT E REJA' | Headline: 'Me 6 punonjës konfigurimi zgjat 30 minuta.' | Sub: 'Me 30 punonjës, zgjat një projekt. Fillo tani.' FOOTER: small PagaPRO wordmark bottom-left — 'Paga' in #0B1220 (or #E8EDF5 on dark) and 'PRO' in #2563EB, extrabold, tight tracking; handle '@pagapro' in #6B7280 bottom-right, 24px. NOTE: this is a PAID AD creative — keep the on-image text under 20% of the area, make the headline readable at thumbnail size, and leave the bottom 15% clear of text so platform CTA overlays do not collide with it.
A12: 11 | B12: Gjithmonë aktive | C12: Konvertim | D12: Prova sociale — rezultat konkret | E12: Retargeting 60 ditë + lookalike i klientëve | F12: 2 ditë → 25 minuta. Firmë prodhuese, 40 punonjës. | G12: Firmë prodhuese, 40 punonjës, tre turne, jashtëorar i shpeshtë dhe punë vikendi. Para: dy ditë të plota për mbylljen e pagave. Pas: një seancë e vetme, 25 minuta. Orët futen gjatë muajit, shtesat aplikohen automatikisht sipas koeficientëve, fletëpagesat gjenerohen njëherësh. Dhe pyetjet e punonjësve u ndalën — sepse fletëpagesa e shpjegon vetë llogaritjen. 👉 Shiko nëse funksionon për firmën tënde. | H12: 2 ditë pagash → 25 minuta | I12: Firmë prodhuese, 40 punonjës. | J12: Mëso më shumë | K12: CPA < 25 € · CTR > 1.4% | L12: Instagram feed post, 4:5 vertical, exactly 1080x1350 px. Brand: PagaPRO — payroll & HR software for Kosovo businesses. Palette (use ONLY these): navy #0B1220, professional blue #2563EB, canvas #F4F7FB, text #111827, muted grey #6B7280, light-on-dark #E8EDF5. Typeface: Inter, tight negative letter-spacing, weights 400/600/800; numbers in tabular-nums. Style: corporate-operational, flat, high contrast, generous white space, 6px corner radius, 1px hairline dividers. STRICTLY NO gradients, no neon, no glow, no 3D, no drop-shadow blobs, no playful/friendly illustrations, no stock-photo people, no emoji. Keep 90px safe margins on all sides so nothing is cropped in feed. LAYOUT — BIG NUMBER: #F4F7FB canvas. One enormous figure, 300-360px extrabold #2563EB, tabular-nums, centred in the upper two-thirds. Directly under it a label in #0B1220 48px bold, then a #6B7280 30px context line. Thin #E5E9F0 hairline above the label. TEXT TO RENDER (Albanian, reproduce EXACTLY, keep the Albanian diacritics ë and ç): Kicker: 'RASTI' | Headline: '2 ditë → 25 minuta' | Sub: 'Firmë prodhuese, 40 punonjës, tre turne dhe jashtëorar javor.' FOOTER: small PagaPRO wordmark bottom-left — 'Paga' in #0B1220 (or #E8EDF5 on dark) and 'PRO' in #2563EB, extrabold, tight tracking; handle '@pagapro' in #6B7280 bottom-right, 24px. NOTE: this is a PAID AD creative — keep the on-image text under 20% of the area, make the headline readable at thumbnail size, and leave the bottom 15% clear of text so platform CTA overlays do not collide with it.
A13: 12 | B13: Gjithmonë aktive | C13: Lead | D13: Magnet përmbajtjeje (lead magnet) | E13: Pronarë + HR, Kosovë — trafik i ftohtë | F13: Checklist falas: mbyllja e vitit për HR dhe pagat. | G13: Checklist falas për mbylljen e vitit — 6 kontrolle që të kursejnë javë pune në janar: ✔️ Bilanci i pushimeve për secilin punonjës ✔️ Anekset për çdo rritje page ✔️ Kontratat me afat që skadojnë ✔️ Të 12 fletëpagesat e ruajtura ✔️ Totalet vjetore të përputhura ✔️ Kalendari i festave 2027 👉 Shkarkoje falas — pa detyrim, vetëm emaili. | H13: Checklist falas: mbyllja e vitit | I13: 6 kontrolle. Falas. | J13: Shkarko | K13: CPL < 2.5 € · Email→demo rate > 8% | L13: Instagram feed post, 4:5 vertical, exactly 1080x1350 px. Brand: PagaPRO — payroll & HR software for Kosovo businesses. Palette (use ONLY these): navy #0B1220, professional blue #2563EB, canvas #F4F7FB, text #111827, muted grey #6B7280, light-on-dark #E8EDF5. Typeface: Inter, tight negative letter-spacing, weights 400/600/800; numbers in tabular-nums. Style: corporate-operational, flat, high contrast, generous white space, 6px corner radius, 1px hairline dividers. STRICTLY NO gradients, no neon, no glow, no 3D, no drop-shadow blobs, no playful/friendly illustrations, no stock-photo people, no emoji. Keep 90px safe margins on all sides so nothing is cropped in feed. LAYOUT — CHECKLIST CARD: #F4F7FB canvas. White card with a #0B1220 header strip containing the headline in #E8EDF5 (56px). Body: 5 rows, each a 28px #2563EB rounded-square checkmark on the left and one short line of #111827 34px text; hairline dividers between rows. TEXT TO RENDER (Albanian, reproduce EXACTLY, keep the Albanian diacritics ë and ç): Header strip headline: 'Checklist: mbyllja e vitit' | 5 rows: 'Bilanci i pushimeve', 'Anekset e rritjeve të pagës', 'Kontratat që skadojnë', 'Fletëpagesat e 12 muajve', 'Kalendari i festave 2027' FOOTER: small PagaPRO wordmark bottom-left — 'Paga' in #0B1220 (or #E8EDF5 on dark) and 'PRO' in #2563EB, extrabold, tight tracking; handle '@pagapro' in #6B7280 bottom-right, 24px. NOTE: this is a PAID AD creative — keep the on-image text under 20% of the area, make the headline readable at thumbnail size, and leave the bottom 15% clear of text so platform CTA overlays do not collide with it.

Sheet Banka e Hooks
A1: Shtylla | B1: Dita | C1: Hook | D1: Ripërdore për
A2: Ligji | B2: 2 | C2: Neni 60: pushimi mjekësor paguhet 100%. Sa firma e dinë këtë? | D2: Karusel me 3 slajde · Reel me tekst · Story me poll
A3: Ligji | B3: 8 | C3: 22:00–06:00. Nëse punojnë këto orë, nuk paguhen njësoj. | D3: Karusel me 3 slajde · Reel me tekst · Story me poll
A4: Ligji | B4: 10 | C4: 1.3× · 1.5× · 2.0× — a i keni saktë koeficientët? | D4: Karusel me 3 slajde · Reel me tekst · Story me poll
A5: Ligji | B5: 18 | C5: Dokument pa NUI = dokument i paplotë ligjërisht. | D5: Karusel me 3 slajde · Reel me tekst · Story me poll
A6: Ligji | B6: 23 | C6: Pushimi vjetor nuk është dhuratë. Është e drejtë ligjore. | D6: Karusel me 3 slajde · Reel me tekst · Story me poll
A7: Ligji | B7: 33 | C7: Paga minimale dhe kontributet ndryshojnë. Sistemi juaj a i ndjek? | D7: Karusel me 3 slajde · Reel me tekst · Story me poll
A8: Ligji | B8: 40 | C8: Festat e lëvizshme e prishin çdo kalendar të fiksuar. | D8: Karusel me 3 slajde · Reel me tekst · Story me poll
A9: Ligji | B9: 48 | C9: Aneksi i kontratës: çdo ndryshim page duhet dokumentuar. | D9: Karusel me 3 slajde · Reel me tekst · Story me poll
A10: Ligji | B10: 56 | C10: Përfaqësuesi i autorizuar: emri që nënshkruan çdo dokument. | D10: Karusel me 3 slajde · Reel me tekst · Story me poll
A11: Ligji | B11: 72 | C11: Paga duhet paguar në llogari bankare. Kesh-i krijon problem. | D11: Karusel me 3 slajde · Reel me tekst · Story me poll
A12: Ligji | B12: 83 | C12: Kalendari i festave 2027: konfiguroje tani, jo në janar. | D12: Karusel me 3 slajde · Reel me tekst · Story me poll
A13: Dhimbja | B13: 1 | C13: 3 ditë në muaj. Aq të hanë pagat në Excel. | D13: Reel 15s me tekst në ekran · Story «a të ka ndodhur?»
... A91: Kultura | B91: 88 | C91: Pagat nuk janë detyrë administrative. Janë premtim. | D91: Postim tekst · Story me pyetje të hapur

Sheet Hashtag Sets
A1: 6 setet e hashtageve — rotoji, mos i ndrysho çdo ditë
A2: Instagram lejon deri në 30 hashtag. Këto sete kanë 12 secili — sasia optimale për llogari në rritje. Përdor 1 set për postim, sipas temës.
A4: SET A — Paga & financa
A5: #paga #pagat #listapagave #kontabilitet #financa #bizneskosove #kosove #prishtine #atk #pagapro #softuerbiznesi #hrkosove
A7: SET B — Ligji i punës
A8: #ligjiipunes #tedrejtatepunes #kosove #hr #burimenjerezore #kontratapune #punonjes #punedhenes #atk #pagapro #bizneskosove #keshillajuridike
A10: SET C — HR & kulturë
A11: #hr #burimenjerezore #menaxhimipersonelit #hrkosove #punonjesit #kulturaepunes #ekipi #bizneskosove #pagapro #menaxhim #lidership #startupkosove
A13: SET D — Biznes & sipërmarrësi
A14: #biznes #bizneskosove #sipermarresi #ndermarrjeevogla #smekosove #prishtine #peje #gjakove #ferizaj #pagapro #digjitalizim #efikasitet
A16: SET E — Produkt & teknologji
A17: #pagapro #softueri #digjitalizimibiznesit #automatizim #saas #teknologji #bizneskosove #paga #hr #dokumente #efikasitet #kursejkohe
... A20: #startup #startupkosove #bizneskosove #ndermarresi #ideabiznesi #themelues #rritje #skalim #pagapro #hr #paga #kosove

Sheet Brand & Dizajn
A1: Brand & specifikimi i dizajnit
A3: Formati
A4: Të gjitha kreativët: 4:5 vertikal — 1080 × 1350 px. Margjina të sigurta 90 px në të katër anët.
A5: Për Story/Reels: rikuadro të njëjtin dizajn në 1080 × 1920, duke shtuar hapësirë lart e poshtë (mos e shtrembëro).
A7: Paleta (vetëm këto ngjyra)
A8: Navy kryesor #0B1220 — sfonde të errëta, tekst kryesor, vija ndarëse
A9: Blu profesional #2563EB — theks, butona, numra, çelësa vizualë
A10: Sfond kanavacë #F4F7FB — sfondi i çelët standard
A11: Tekst #111827 — trupi i tekstit mbi sfond të çelët
A12: Tekst sekondar #6B7280 — nën-tekste, etiketa, shënime
A13: Tekst mbi errësirë #E8EDF5 — tekst mbi sfond navy
A15: Tipografia
... A59: LAYOUT — DOCUMENT STACK: #F4F7FB canvas. Three flat white document sheets fanned in a tidy overlapping stack, each with a #0B1220 header bar, faint grey text lines and a small #2563EB signature mark on the top sheet. Headline #0B1220 60px above the stack, sub #6B7280 30px below.

Sheet Progresi
A1: Progresi i planit
A2: Numërohet automatikisht nga kolona «Statusi» e fletës «Kalendari 90 ditësh».
A4: Statusi | B4: Numri | C4: % e planit
A5: Për t'u bërë | B5: =COUNTIF('Kalendari 90 ditësh'!$N$2:$N$91,$A5) -> 90 | C5: =IFERROR(B5/90,0) -> 1
A6: Dizajni gati | B6: =COUNTIF('Kalendari 90 ditësh'!$N$2:$N$91,$A6) -> 0 | C6: =IFERROR(B6/90,0) -> 0
A7: I planifikuar | B7: =COUNTIF('Kalendari 90 ditësh'!$N$2:$N$91,$A7) -> 0 | C7: =IFERROR(B7/90,0) -> 0
A8: I postuar | B8: =COUNTIF('Kalendari 90 ditësh'!$N$2:$N$91,$A8) -> 0 | C8: =IFERROR(B8/90,0) -> 0
A9: TOTAL | B9: =SUM(B5:B8) -> 90
A11: Postime sipas shtyllës
A12: Shtylla | B12: Postime | C12: Reach total | D12: Ruajtje total
A13: Ligji | B13: =COUNTIF('Kalendari 90 ditësh'!$F$2:$F$91,$A13) -> 11 | C13: =SUMIF('Kalendari 90 ditësh'!$F$2:$F$91,$A13,'Kalendari 90 ditësh'!$P$2:$P$91) -> 0 | D13: =SUMIF('Kalendari 90 ditësh'!$F$2:$F$91,$A13,'Kalendari 90 ditësh'!$Q$2:$Q$91) -> 0
A14: Dhimbja | B14: =COUNTIF('Kalendari 90 ditësh'!$F$2:$F$91,$A14) -> 11 | C14: =SUMIF('Kalendari 90 ditësh'!$F$2:$F$91,$A14,'Kalendari 90 ditësh'!$P$2:$P$91) -> 0 | D14: =SUMIF('Kalendari 90 ditësh'!$F$2:$F$91,$A14,'Kalendari 90 ditësh'!$Q$2:$Q$91) -> 0
A15: Produkti | B15: =COUNTIF('Kalendari 90 ditësh'!$F$2:$F$91,$A15) -> 16 | C15: =SUMIF('Kalendari 90 ditësh'!$F$2:$F$91,$A15,'Kalendari 90 ditësh'!$P$2:$P$91) -> 0 | D15: =SUMIF('Kalendari 90 ditësh'!$F$2:$F$91,$A15,'Kalendari 90 ditësh'!$Q$2:$Q$91) -> 0
A16: Numrat | B16: =COUNTIF('Kalendari 90 ditësh'!$F$2:$F$91,$A16) -> 10 | C16: =SUMIF('Kalendari 90 ditësh'!$F$2:$F$91,$A16,'Kalendari 90 ditësh'!$P$2:$P$91) -> 0 | D16: =SUMIF('Kalendari 90 ditësh'!$F$2:$F$91,$A16,'Kalendari 90 ditësh'!$Q$2:$Q$91) -> 0
A17: Mitet | B17: =COUNTIF('Kalendari 90 ditësh'!$F$2:$F$91,$A17) -> 11 | C17: =SUMIF('Kalendari 90 ditësh'!$F$2:$F$91,$A17,'Kalendari 90 ditësh'!$P$2:$P$91) -> 0 | D17: =SUMIF('Kalendari 90 ditësh'!$F$2:$F$91,$A17,'Kalendari 90 ditësh'!$Q$2:$Q$91) -> 0
A18: Udhëzim | B18: =COUNTIF('Kalendari 90 ditësh'!$F$2:$F$91,$A18) -> 12 | C18: =SUMIF('Kalendari 90 ditësh'!$F$2:$F$91,$A18,'Kalendari 90 ditësh'!$P$2:$P$91) -> 0 | D18: =SUMIF('Kalendari 90 ditësh'!$F$2:$F$91,$A18,'Kalendari 90 ditësh'!$Q$2:$Q$91) -> 0
A19: Histori | B19: =COUNTIF('Kalendari 90 ditësh'!$F$2:$F$91,$A19) -> 7 | C19: =SUMIF('Kalendari 90 ditësh'!$F$2:$F$91,$A19,'Kalendari 90 ditësh'!$P$2:$P$91) -> 0 | D19: =SUMIF('Kalendari 90 ditësh'!$F$2:$F$91,$A19,'Kalendari 90 ditësh'!$Q$2:$Q$91) -> 0
A20: Kultura | B20: =COUNTIF('Kalendari 90 ditësh'!$F$2:$F$91,$A20) -> 12 | C20: =SUMIF('Kalendari 90 ditësh'!$F$2:$F$91,$A20,'Kalendari 90 ditësh'!$P$2:$P$91) -> 0 | D20: =SUMIF('Kalendari 90 ditësh'!$F$2:$F$91,$A20,'Kalendari 90 ditësh'!$Q$2:$Q$91) -> 0
A21: TOTAL | B21: =SUM(B13:B20) -> 90 | C21: =SUM(C13:C20) -> 0 | D21: =SUM(D13:D20) -> 0
